Movie Name,Duration,IMdb rating,Rating,Description,Votes,Poster,Month of Release
1. Vindhya Victim Verdict V3,2h 7m,7.6,595,"V3 is a fight for their rights and against an injustice on a gang rape-murder and encountered case, achieving a poetic justice with the help of the system which fails initially due to the undue pressure of representatives and thy people",595,"https://m.media-amazon.com/images/M/MV5BYTE5YjVlNDItNjQ0ZC00YTIyLWE2YjYtOGUyNTIzNTQzODZmXkEyXkFqcGdeQXVyMjA1MTA3MjY@._V1_QL75_UY207_CR2,0,140,207_.jpg",January
2. Thunivu,2h 26m,6.1,29K,A mysterious mastermind - Daredevil and his team forms a plan and commits bank heist to find the corporate looted people's money.,"28,737","https://m.media-amazon.com/images/M/MV5BY2M0ODYyOGEtZWMyMC00NWM5LWJiNjEtNjBlYTEzNGZjOTk0XkEyXkFqcGdeQXVyMTY1MzAyNjU4._V1_QL75_UY207_CR4,0,140,207_.jpg",January
3. Varisu,2h 49m,6,37K,"Vijay Rajendran is a happy to-go lucky man. Things change when his father becomes terminally ill, and he is left to manage his business empire.","36,755","https://m.media-amazon.com/images/M/MV5BMjE4YjgyMGQtMWM0MS00MGVjLTlmNzYtMTNiNGY1NTNlZjJiXkEyXkFqcGdeQXVyMTEzNzg0Mjkx._V1_QL75_UY207_CR7,0,140,207_.jpg",January
4. Oangaram,1h 52m,,,,,,January
5. Vallavanukkum Vallavan,2h 47m,7.5,13,"Two conmen, who believe that money can solve all their problems, decide to extract money from wrongdoers. Trouble begins when a mad policeman crosses their way.",13,"https://m.media-amazon.com/images/M/MV5BZGRkMGQyNGItMDU3Yy00YzE2LWFmYWItZTM0M2YzZWZhYjQ4XkEyXkFqcGdeQXVyMzYxOTQ3MDg@._V1_QL75_UX140_CR0,6,140,207_.jpg",January
6. Adai Mazhai Kaalam,2h 25m,6.5,207,A tale of a young man and the journey of Love in his life to understand the meaning of eternal love and its purpose. An emotional roller coaster presented with a touch of fantasy .,207,"https://m.media-amazon.com/images/M/MV5BMjhhMGNiNWMtNTI1OS00M2YyLTk1ZDAtN2U5ZmNiNjE3ODk0XkEyXkFqcGdeQXVyMTUzMDA3Mjc2._V1_QL75_UX140_CR0,1,140,207_.jpg",January
7. Beginning,1h 51m,7.9,119,Two people -An autistic teenager living with his mother and A young woman abducted by an unknown group.,119,"https://m.media-amazon.com/images/M/MV5BODcyYjliZjQtNzA1NS00NjUzLThhYTItY2Y5ODAxZmYzOTMxXkEyXkFqcGdeQXVyMTUzNTgzNzM0._V1_QL75_UX140_CR0,5,140,207_.jpg",January
8. MeippadaSei,2h 3m,9.6,55,"Four ignorant boys were surviving their life with the support of parents in Tanjore village, one of them (Muthupandi) falling in love, thereby, opposition occurring, cause of lower and upper casting and racism,",55,"https://m.media-amazon.com/images/M/MV5BMWFjNGU0YTMtMDVkZi00OTMzLThiMmUtMzBlMDIyMTk3MDFiXkEyXkFqcGdeQXVyMTA4MzQ4NzMw._V1_QL75_UX140_CR0,6,140,207_.jpg",January
9. Karparaa,1h 11m,,,"An elderly bedridden couple hailing from a small village. Lives apart from each other in their son's houses.The space of love shrivels and oscillates between the couple and their families. This own selves clash with the generation that had lived with harmony in the diverse nature. The west summer wind blows, unraveling the buried memories of life and the land of the couple.",,"https://m.media-amazon.com/images/M/MV5BOTNiZDE3ZTAtNjNjYi00ZGQ4LWE3N2UtNTU3ZWFlNjBhZDVlXkEyXkFqcGdeQXVyMTUwNDcyMjY0._V1_QL75_UY207_CR3,0,140,207_.jpg",February
10. Run Baby Run,2h 11m,6.3,1.3K,A carefree Sathya faces a race against time after becoming involved in a complex murder investigation.,"1,340","https://m.media-amazon.com/images/M/MV5BZGMxYjk2NDQtNDIwNC00MjMyLTg5YjYtNGViYTA0Yzk2Yjg0XkEyXkFqcGdeQXVyMTEzNzg0Mjkx._V1_QL75_UY207_CR3,0,140,207_.jpg",February
11. Thalaikoothal,2h 20m,7.4,360,"A man's long battle to save his comatose father is met with financial obstacles, and with his family suggesting euthanasia as the best possible option. What will he do?",360,"https://m.media-amazon.com/images/M/MV5BOTliZjY3NTEtNDJkOC00ZjRkLWExMWYtOGE1NDc2ZjU0NWE3XkEyXkFqcGdeQXVyMzI4MzEwNQ@@._V1_QL75_UY207_CR34,0,140,207_.jpg",February
12. The Great Indian Kitchen,1h 40m,5.7,527,"Post her marriage, a woman tries to fit into the conventional mould that society has prescribed for married women. But somewhere along the way, she starts feeling that this is not the life she wants.",527,"https://m.media-amazon.com/images/M/MV5BM2RjYzA0NWMtNmY0Yi00NTJlLWIwMTEtZDY1ODJkOWRlM2I5XkEyXkFqcGdeQXVyMTY0MDk0NjE3._V1_QL75_UY207_CR2,0,140,207_.jpg",February
13. Michael,2h 32m,5,1.5K,The gang fighting over places. A youngster decides to gain control of the area. Can he complete his dream of ruling over the place?,"1,477","https://m.media-amazon.com/images/M/MV5BYjlkY2E0MzYtOTk3My00N2JmLTlmZjktNmFlMGMyYWM1YjM3XkEyXkFqcGdeQXVyMTEzNzg0Mjkx._V1_QL75_UY207_CR23,0,140,207_.jpg",February
14. Bommai Nayagi,2h 3m,7.6,661,A touching emotional connection between a father and daughter and how politics and society impact their way of life.,661,"https://m.media-amazon.com/images/M/MV5BZTg1ODgxNDItMThiNy00NDNmLWEyOGQtZjlkNTMzNWViM2I5XkEyXkFqcGdeQXVyMTU3MTM3Mjk1._V1_QL75_UX140_CR0,6,140,207_.jpg",February
15. Naan Kadavul Illai,2h 18m,7.9,44,"A tiny orphan girl writes a letter to God requesting new clothes, Mr. Jothilingam, a businessman, received the letter at random and sends it to her. Uma writes a letter to God to save her family from evil. Will God grant her request?",44,"https://m.media-amazon.com/images/M/MV5BYmVmOGVmNDMtMjhhMS00OGQ4LWFhYjctMzg3M2Y3Njc2MmJlXkEyXkFqcGdeQXVyMTQ0MTIzNDQw._V1_QL75_UX140_CR0,1,140,207_.jpg",February
16. Thallipogathey,2h,,,Karthik is a happy go lucky guy until he meets the beautiful Divya. They hit it off right away and Karthik thinks he finally found the girl of his dream until he realizes she is the biggest problem he ever face.,,"https://m.media-amazon.com/images/M/MV5BNWY4ZjhiZDQtNDI4OS00NjQzLWI0MDQtM2U1NDc0YjcyZGU4XkEyXkFqcGdeQXVyMTU2NjY0NzY1._V1_QL75_UY207_CR3,0,140,207_.jpg",February
17. Dada,2h 13m,8.2,5K,"A couple in love, accidentally become teenage parents. Unpleasant situations make them fall apart. Manikandan, left alone with his son, struggles as a single teenage father. Fate owns him, bringing Sindhu back into his life.","5,020","https://m.media-amazon.com/images/M/MV5BNjE0OWNlYjEtNTNlNi00MDBkLTg3MDEtYjYxMWE4MWMyYTRmXkEyXkFqcGdeQXVyMTI1NDEyNTM5._V1_QL75_UY207_CR13,0,140,207_.jpg",February
18. Vasantha Mullai,1h 48m,5.7,1.5K,"Rudhran, works tirelessly for a successful career and money, embarks on a romantic journey to spend quality time with his girlfriend Nila. On the way, he stays at the Vasantha Mullai Motel which takes him on a roller coaster ride.","1,512","https://m.media-amazon.com/images/M/MV5BZDBkOTEzY2UtOGI3MC00MTg2LTlkMTUtMmNiZTMwNjI2MWQ2XkEyXkFqcGdeQXVyMTEzNzg0Mjkx._V1_QL75_UY207_CR2,0,140,207_.jpg",February
19. Kasethan Kadavulada,2h 4m,5.2,339,"A young man, his cousin and a friend stealing money from his stingy stepmother.",339,"https://m.media-amazon.com/images/M/MV5BZGJiNjhkNTItMzIxNS00ZDAzLTg1YWItMjc4MjU1NDc0NTUxXkEyXkFqcGdeQXVyMTQ3Mzk2MDg4._V1_QL75_UY207_CR137,0,140,207_.jpg",February
20. Kodai,2h 16m,9,250,A gang robs a large donation to an orphanage for needy children and how do the protagonist and his friends recover from the disaster? and the struggle which takes a dangerous twists and turn from which they recover the lost gift?,250,"https://m.media-amazon.com/images/M/MV5BMDQ2MzBkNjItOWRhYy00YTc1LWEzMmUtNjliMmY3MzczZTM0XkEyXkFqcGdeQXVyMTU3Nzk4NjM3._V1_QL75_UY207_CR3,0,140,207_.jpg",February
21. Miratchi,,,,,,"https://m.media-amazon.com/images/M/MV5BYjkwYjhlM2UtOWE4OC00NTUzLThkMzQtZjgwMjdhN2UwNzJkXkEyXkFqcGdeQXVyMTYyMzE1Nzc0._V1_QL75_UY207_CR81,0,140,207_.jpg",February
22. Vaathi,2h 19m,7.3,9.5K,The life of a young man and his struggles against the privatization of education.,"9,508","https://m.media-amazon.com/images/M/MV5BOTA0OTkxZjEtNTgwZC00NDgwLTljNDAtODhlMDBmMzU0N2EzXkEyXkFqcGdeQXVyMTMzNzIyNDc1._V1_QL75_UY207_CR3,0,140,207_.jpg",February
23. Bakasuran,2h 35m,6.3,1.2K,"It centers on cyber harassment, and the importance of parents being made aware of their children's problems.","1,207","https://m.media-amazon.com/images/M/MV5BN2M0NzZkZTQtMDVkMy00MjZhLWE2YmYtYTQ1NmIyMjI5YzI0XkEyXkFqcGdeQXVyMjMwODI3NDE@._V1_QL75_UX140_CR0,9,140,207_.jpg",February
24. Single Shankarum Smartphone Simranum,2h 8m,4.5,261,A frustrated food delivery boy gets a super intelligent AI phone which has all the emotions of a girl. It changes his life completely when it starts falling in love with him,261,"https://m.media-amazon.com/images/M/MV5BMWQ3ZmNmYjQtZmI3OS00ZTdlLTk0YWUtYjZjMzc1YWYzNjZiXkEyXkFqcGdeQXVyMTEzNzg0Mjkx._V1_QL75_UY207_CR13,0,140,207_.jpg",February
25. Shortcut,,,,"How to become a millionaire within 24 hours, without a single rupee.It's one day game.",,"https://m.media-amazon.com/images/M/MV5BMWU0MTM5NWItMzgzNC00MjllLTk2M2UtYjk0Yzg2OGQxMDBjXkEyXkFqcGdeQXVyMTUzNTgzNzM0._V1_QL75_UY207_CR5,0,140,207_.jpg",February
26. Kuttram Purindhaal,,,,A youngster who is forced to take law in his hands after his family gets killed.,,"https://m.media-amazon.com/images/M/MV5BNTViN2IyOWQtYTNjMC00MGFkLWE0OTEtNTc2MDc5NzA1YzgzXkEyXkFqcGdeQXVyMTUzNTgzNzM0._V1_QL75_UY207_CR12,0,140,207_.jpg",February
27. Koduvaa,,,,,,"https://m.media-amazon.com/images/M/MV5BNTZjZGM3NWUtZTliZC00Mzc0LWJkYmMtN2VkMTI2NDcyNTJhXkEyXkFqcGdeQXVyMTUzNTgzNzM0._V1_QL75_UX140_CR0,0,140,207_.jpg",February
28. Black n White,,,,"Siblings Rishi and Ritu lose their parents to COVID-19 and their home due to debt. Despite sincere efforts, their struggle to reclaim their home forms the heart of the narrative.",,"https://m.media-amazon.com/images/M/MV5BNDA2OWQ5MzUtYTEwYy00OWY3LWJiODEtMDljYjBhZTdmMDc5XkEyXkFqcGdeQXVyMjA1MTA2NjY@._V1_QL75_UY207_CR13,0,140,207_.jpg",March
29. Bagheera,2h 10m,3.3,430,"Revolves around a psycho killer who has an aversion towards women, thanks to some of the heinous experiences he faced in his life.",430,"https://m.media-amazon.com/images/M/MV5BZDYyNGRjYzAtZmUwOC00NTIwLTg5YTAtZWY2MmRjNWFlYzBkXkEyXkFqcGdeQXVyMTY0MDk0NjE3._V1_QL75_UY207_CR7,0,140,207_.jpg",March
30. Ayodhi,2h 1m,8.3,3.2K,"On their journey to Rameswaram, a family from North India gets involved in a series of mishaps until a stranger decides to help them out","3,188","https://m.media-amazon.com/images/M/MV5BNGU4NWExYjktYzRiNy00ZWU4LTkxZDAtOTQ4N2RlZDQ3Yjc4XkEyXkFqcGdeQXVyMTIyNzY0NTMx._V1_QL75_UX140_CR0,21,140,207_.jpg",March
31. Pallu Padama Paathuka,1h 42m,2.9,146,"Five youngsters who decide to commit suicide enter an abandoned forest are swarmed by a troop of zombies. Fearing for their lives, the hero tries to escape the attack and save his love interest from a dangerous zombie monster.",146,"https://m.media-amazon.com/images/M/MV5BODRjNDNkY2YtMDkwOC00YTNmLTlkYmMtOWJkY2NmYjU4NTRkXkEyXkFqcGdeQXVyMTI1NDEyNTM5._V1_QL75_UY207_CR3,0,140,207_.jpg",March
32. Ariyavan,,6.3,676,"The movie is based on the subject of woman empowerment, it's based on real incidents about how girls get caught by cheaters, blackmailed and used, the movies shows how girls should handle such situation and protect themselves.",676,"https://m.media-amazon.com/images/M/MV5BMjZkNWU2YzEtMTJkMS00OThiLWE0MjQtODZjNzgwZjY5ZTI2XkEyXkFqcGdeQXVyMTE0MzY4MzA4._V1_QL75_UX140_CR0,1,140,207_.jpg",March
33. Vizhithelu,,9.1,47,The Story is Based on the Online Scamming Which We Facing Today's Life,47,"https://m.media-amazon.com/images/M/MV5BMDE2ZmNiZTgtZGY0OC00YjhmLWJkNmMtOTE5NWFmZDAyYWIzXkEyXkFqcGdeQXVyMTA4MzQ4NzMw._V1_QL75_UX140_CR0,1,140,207_.jpg",March
34. Kidugu,1h 47m,5,122,A group of young nationalists murder a couple of policemen and surrenders themselves in police station. Why did they commit the murder ?,122,"https://m.media-amazon.com/images/M/MV5BYmM3ZmI5MzYtZThlZC00ZjE5LTk2NDItNmZmYzU1NGNmMGQyXkEyXkFqcGdeQXVyMTA4MzQ4NzMw._V1_QL75_UX140_CR0,1,140,207_.jpg",March
35. Kannitheevu,,2.7,35,"Three women from North Madras who protest for an issue in their area, While the protest initially fetches them recognition, it eventually spells trouble for them.",35,"https://m.media-amazon.com/images/M/MV5BODcyNjc4MTEtNjU4YS00NTQ0LWI3ZTktYWYwNjIwYWI2YWEyXkEyXkFqcGdeQXVyMTUzNTgzNzM0._V1_QL75_UY207_CR8,0,140,207_.jpg",March
36. Kondraal Paavam,1h 49m,7.4,692,A stranger enters the life of a family that has been suffering in poverty for years. What follows are the events that make their lives even more miserable.,692,"https://m.media-amazon.com/images/M/MV5BMmIyMDIwOGUtNGI4Yy00MDVjLWE4M2QtMzU5OGE5YTU2ZjY3XkEyXkFqcGdeQXVyMTUyNjIwMDEw._V1_QL75_UY207_CR34,0,140,207_.jpg",March
37. Memories,2h,5.3,134,"Venki, who is a murder accused.With his memory loss, the lead role is unable to recollect the entire incident of the murder and the rest of the story is about how he gets out",134,"https://m.media-amazon.com/images/M/MV5BM2E2NmFkMmUtZmZiZi00MDM5LWI2OGItNzliM2FiZGIyYWJhXkEyXkFqcGdeQXVyMjA1MTA3MjY@._V1_QL75_UX140_CR0,1,140,207_.jpg",March
38. Agilan,2h 13m,4.3,754,"When a crane operator starts controlling illegal trades at the harbor, he winds up clashing with another gangster.",754,"https://m.media-amazon.com/images/M/MV5BNTU0NjkxNjYtMDYxZi00MDEzLWFhYWMtMmViMTJiYjgxY2M0XkEyXkFqcGdeQXVyMTEzNzg0Mjkx._V1_QL75_UY207_CR6,0,140,207_.jpg",March
39. Irumban,,9.1,11,Love between poor boy and rich girl.,11,"https://m.media-amazon.com/images/M/MV5BNWYxYzk3MDQtMGZmMy00MzFlLWFiMWUtNmU4NmUyNGQwYTMxXkEyXkFqcGdeQXVyMTA4MzQ4NzMw._V1_QL75_UX140_CR0,6,140,207_.jpg",March
40. Kuttrappinnani,1h 49m,,,"This story tells about Hero saravanan how he change his name as susai and how he murder Selvi , Nandhini ad Aandisamy , how he got aressted by Sentamilian",,"https://m.media-amazon.com/images/M/MV5BMzQ0Zjg3YTUtZTQ4ZC00OTg3LTllYTktZGQ5N2Q4MmViNGQyXkEyXkFqcGdeQXVyMTA4MzQ4NzMw._V1_QL75_UX140_CR0,1,140,207_.jpg",March
41. Kannai Nambathey,2h 11m,5.7,740,"It revolves around a mysterious man who justifies his crime. According to him, people commit crimes for two reasons; to hide wrongdoing or to ensure a flawless future.",740,"https://m.media-amazon.com/images/M/MV5BNzhiZWZhZjktZGQ4MC00Njk1LTgzNzEtNDBjMGMwODEzYmI5XkEyXkFqcGdeQXVyMTY0MDk0NjE3._V1_QL75_UY207_CR8,0,140,207_.jpg",March
42. Kudimahaan,2h 22m,6.7,138,"The story of a middle-class man who is a complete teetotaller, whose life take a turn with issues related to drinking. It is a complete fun and joyful ride with his friends who help him to come out of the issues and get back to his normal middle class life.",138,"https://m.media-amazon.com/images/M/MV5BMmVjNzRhMTctYmU4Ni00ZGMxLTkzNTQtNDg3MjRiMTI1NjEyXkEyXkFqcGdeQXVyNTMzMTE2NTg@._V1_QL75_UX140_CR0,1,140,207_.jpg",March
43. Rajamagal,1h 56m,9,94,,94,"https://m.media-amazon.com/images/M/MV5BZWQ0ZThkOWEtMGE0OC00YmQ3LThlY2EtMWFkMjFlYjJjNjgzXkEyXkFqcGdeQXVyMTUzNTgzNzM0._V1_QL75_UY207_CR12,0,140,207_.jpg",March
44. Ghosty,2h 19m,4.3,471,"After following in her deceased father's footsteps and becoming a police officer, a young woman experiences strange phenomena while attempting to capture a criminal that escaped from her father's custody many years before.",471,"https://m.media-amazon.com/images/M/MV5BY2U1Zjc1NTUtMmNmMC00YWJkLWExZTQtZmE2ZGNlNDdhNDM3XkEyXkFqcGdeQXVyMTIyNzY0NTMx._V1_QL75_UX140_CR0,21,140,207_.jpg",March
45. D3,2h 6m,5.5,66,"On a fine day, one murder, one missing case and an accident case happens on the same day involving inspector Vikram who starts investigating all the three goes clueless with no evidence left behind. What happens next? Does he solves the mystery and succeed in his mission?",66,"https://m.media-amazon.com/images/M/MV5BYWRmYWUzZmYtNWJmMC00ZjJkLWFmNmEtYzAxY2UxMzI0Mzk5XkEyXkFqcGdeQXVyMTU3NDgzNzM4._V1_QL75_UX140_CR0,1,140,207_.jpg",March
46. Katradhu Mara,2h 5m,,,,,"https://m.media-amazon.com/images/M/MV5BOGJjMGZlNmUtYjZmZi00MzQ4LTgxM2UtNTM5NWJlZmQwMjczXkEyXkFqcGdeQXVyOTA1MDQ3OTI@._V1_QL75_UX140_CR0,6,140,207_.jpg",March
47. Shoot the Kuruvi,,7.5,51,Two incompetent men square off against a gangster. This crime comedy is about a mobster facing survival and tragedy challenges.,51,"https://m.media-amazon.com/images/M/MV5BMzJkMGY1ZjgtZDg3My00YzViLWIxN2MtMTkxMjMwZTU5MzdhXkEyXkFqcGdeQXVyNTM0MDc1ODE@._V1_QL75_UX140_CR0,9,140,207_.jpg",March
48. Parundhaaguthu Oor Kuruvi,1h 52m,7.1,20,"A small-time crook Aadhi (Nishanth Russo) is stranded in the middle of a forest, hand-cuffed along with an unconscious Maaran (Vivek Prasanna).",20,"https://m.media-amazon.com/images/M/MV5BNTNiNDNiMjMtYTI0Ni00MjUyLTg5ZTctYmJiZGY1ZmFiNjhjXkEyXkFqcGdeQXVyMTA4MzQ4NzMw._V1_QL75_UX140_CR0,36,140,207_.jpg",March
49. N4,2h 22m,6.5,100,"For every action, there is an equal and opposite reaction. What happens when your small action affects so many people's lives? how the butterfly effect plays an important part in all our actions forms the crux of N4.",100,"https://m.media-amazon.com/images/M/MV5BM2U1MjdhNmUtNjA3NS00ZjQ0LTkxZmQtODNhM2RkZmU3YzYyXkEyXkFqcGdeQXVyNTEyMzc0NzM@._V1_QL75_UY207_CR13,0,140,207_.jpg",March
50. Ellaam Mela Irukuravan Paathuppan,2h 11m,5.7,43,"A sci-fi comedy based on alien invasion. Some friends discover advanced extraterrestrial tech. But, the aliens want it back. So they turn to a science nerd who was abducted by aliens and scheme ways to outwit the off-world shape-shifters.",43,"https://m.media-amazon.com/images/M/MV5BZGI0M2M3ODktZTkzZC00ODNhLTkwYjQtNWFlZWFhNGZkZTZjXkEyXkFqcGdeQXVyMjYwMjMwMzk@._V1_QL75_UX140_CR0,6,140,207_.jpg",March
51. Wanted: Shades of Life ft. Genkeswaran Muniyan,1h 18m,,,"An ex-gangster from Kuala Langat, Malaysia finds his passion for chess, and with the help of those who believe in him became the Bronze Medalist for the 2013 South East Asia Games for Malaysia.",,"https://m.media-amazon.com/images/M/MV5BZTY0MGRhNmEtNWFhNS00ZTJkLWJhOGMtYWVhYWJiMWQwNGY5XkEyXkFqcGdeQXVyMTYwMjYwNzYz._V1_QL75_UY207_CR3,0,140,207_.jpg",March
52. Pathu Thala,2h 31m,6.9,9.5K,"An undercover cop goes to find and kill a crime lord. However, when he realizes that the crime lord's business intentions are good and he has his own challenges, he needs to decide his next step and help the crime lord change his life.","9,491","https://m.media-amazon.com/images/M/MV5BOGZiYjkyODEtNzkxMC00ZDUwLWI0MmQtOTFjMmRhNzhjZjY3XkEyXkFqcGdeQXVyMTEzNzg0Mjkx._V1_QL75_UY207_CR6,0,140,207_.jpg",March
53. Viduthalai: Part 1,2h 30m,8.3,7.3K,A police officer is recruited to capture the leader of a separatist group.,"7,258","https://m.media-amazon.com/images/M/MV5BMjZhY2M5YjAtNDQ4NS00MDExLTlhMjctMmZmZmVkMTI3MjA4XkEyXkFqcGdeQXVyMTIyNzY0NTMx._V1_QL75_UX140_CR0,21,140,207_.jpg",March
54. Thalaikkavasamum 4 Nanbargalum,,,,Revolves around four friends and a helmet. A chase to find a particular helmet that is in popular demand.,,"https://m.media-amazon.com/images/M/MV5BM2E0MTJhMzItYTMxMy00NmFjLWFiNzItMjhiZDExYTRhZDg0XkEyXkFqcGdeQXVyMTA4MzQ4NzMw._V1_QL75_UX140_CR0,6,140,207_.jpg",April
55. Yosi,2h 2m,9.3,476,"A student named 'Madhuvan' fears about clearing the NEET Medical Entrance exam due to the mental stress and decides to commit suicide. Luckily, he survives, but gets stuck inside a deep forest which is not at all connected to the outer world. What happens next leads to a mysterious thrilling experience. Whether he could escape from the forest or not?",476,"https://m.media-amazon.com/images/M/MV5BMTQzMmRmYTgtY2IxZC00YmViLWEzNzUtNTQyNTJmYzgyMGI5XkEyXkFqcGdeQXVyMzMxMDUzNTk@._V1_QL75_UY207_CR13,0,140,207_.jpg",April
56. August 16 1947,2h 24m,6.7,1.1K,The tale of a remote village where one man battles British forces,"1,112","https://m.media-amazon.com/images/M/MV5BZjhlMzZmOTMtY2UwZC00YTdlLWEwMmItMjZjNTRlODExMDAzXkEyXkFqcGdeQXVyMTY0MDk0NjE3._V1_QL75_UY207_CR4,0,140,207_.jpg",April
57. Burqa,1h 20m,5.9,441,Two strangers who are forced to spend a night together. They develop a liking for each other through their conversation and also discuss gender and religion-based discrimination.,441,"https://m.media-amazon.com/images/M/MV5BZmEwMTBiMDMtMDhhNy00MmRiLTk1YTQtMGJlMzQ4OThkZmEwXkEyXkFqcGdeQXVyMTUzMzg4OTMz._V1_QL75_UX140_CR0,1,140,207_.jpg",April
58. Munthirikkaadu,,7.4,22,In a Village Kill Love couples of the opposite cast and in that village A couple from opposite cast who used to friends are getting pressure from village people that they love each other. What happens at the End?,22,"https://m.media-amazon.com/images/M/MV5BYjhiMjFkOTYtYzVjYi00NTVlLTgzZTAtMzJlODgxMDdlYTY2XkEyXkFqcGdeQXVyMTA4MzQ4NzMw._V1_QL75_UX140_CR0,6,140,207_.jpg",April
59. Racer,2h 2m,8.5,69,"Ashwin, who has aspired to become a professional bike racer since childhood, faces rejection from his father to racing. Will Ashwin follow his dream when he gets a chance to race.",69,"https://m.media-amazon.com/images/M/MV5BNGVmYWQ0NmMtNGRmZS00OTQ0LTk1MjktM2YwZmUyZmYyYjg3XkEyXkFqcGdeQXVyMTA4MzQ4NzMw._V1_QL75_UX140_CR0,1,140,207_.jpg",April
60. Ithu Kathaiyalla Nijam,,9.6,7,,7,"https://m.media-amazon.com/images/M/MV5BNGFlYjRkMjctOTI4NC00MTFkLWI5ZGEtMWJjZWYxMDI2YWM5XkEyXkFqcGdeQXVyMTUzNTgzNzM0._V1_QL75_UX140_CR0,1,140,207_.jpg",April
61. Yevan,,,,A man who is willing to give up his life for his mother,,"https://m.media-amazon.com/images/M/MV5BMGQ4ODhjNjUtN2RmMS00MjMxLWEyOWEtN2Q0NmM1NWJmYzc1XkEyXkFqcGdeQXVyMTA4MzQ4NzMw._V1_QL75_UX140_CR0,1,140,207_.jpg",April
62. ThiruvinKural,1h 57m,4.9,314,A man with hearing and speech disabilities is drawn into danger when a ruthless gang starts targeting his injured father at a hospital.,314,"https://m.media-amazon.com/images/M/MV5BYzMwNjFiMzUtMWM5My00MzE5LTliMDUtY2Y4Y2VmYzE3OTExXkEyXkFqcGdeQXVyMTY0MDk0NjE3._V1_QL75_UY207_CR1,0,140,207_.jpg",April
63. Rudhran,2h 29m,5.1,895,"Rudhran is a happy IT man living with his family until the moment his life is turned upside down. He comes upon a major criminal network including a businessman, Rudhran embarks on a mission to expose him the criminal network.",895,"https://m.media-amazon.com/images/M/MV5BM2FkYjQ1OGEtOGYzNS00OWFkLTgyMGEtNTNkNzA3MzlkODFhXkEyXkFqcGdeQXVyMTY0MDk0NjE3._V1_QL75_UY207_CR8,0,140,207_.jpg",April
64. Soppana Sundari,1h 55m,6.3,928,"When a simple middle-class girl's family wins a car in a raffle, chaos ensues as various parties claim ownership, forcing her to navigate a darkly comedic web of financial crisis and unexpected events.",928,"https://m.media-amazon.com/images/M/MV5BMGMwM2ZjNDEtNDE3Mi00ODg5LTk3ZjMtMTlmYzA3NjAwZTY4XkEyXkFqcGdeQXVyMTY0MDk0NjE3._V1_QL75_UY207_CR3,0,140,207_.jpg",April
65. Irandil Onru Parthuvidu,,,,,,"https://m.media-amazon.com/images/M/MV5BMDFmYWYwODctZTdjOC00Yjc2LTg4NzAtODg3MjE4YmM2ZjExXkEyXkFqcGdeQXVyMTA4MzQ4NzMw._V1_QL75_UX140_CR0,6,140,207_.jpg",April
66. Sangaram,,,,,,"https://m.media-amazon.com/images/M/MV5BZGNkYTM0YzgtZmM2NC00YzM4LWEyMjgtYmU4MzljYzc0OTZhXkEyXkFqcGdeQXVyMTI5ODA0MTYw._V1_QL75_UY207_CR92,0,140,207_.jpg",April
67. Siruvan samuel,1h 30m,8.9,88,Speaks about the passion for cricket in Indian village and friendship between Sam and Rajesh,88,"https://m.media-amazon.com/images/M/MV5BYmZjNjA1YzctZThkYy00YzA4LTljNjctOWNmZDk0NmI5M2UwXkEyXkFqcGdeQXVyNDU0ODMyNDE@._V1_QL75_UX140_CR0,15,140,207_.jpg",April
68. Thamilarasan,2h 16m,4.3,179,An honest police officer gets in to a conflict with Rana. Their enmity worsens when Tamilarasan refuses to obey Rana's order in a critical situation.,179,"https://m.media-amazon.com/images/M/MV5BMzlmN2Y4MmMtOTk3NC00MDQzLWJjNjctZjA1ZmNmZjQ4M2NjXkEyXkFqcGdeQXVyMTIyNzY0NTMx._V1_QL75_UX140_CR0,21,140,207_.jpg",April
69. Yaathisai,2h 1m,7.6,3.9K,A periodical fiction based on the 7th-century Pandiyan prince Ranadheeran who ruled during a time when the Chola dynasty lost its power and its people were forced to live in the woods.,"3,883","https://m.media-amazon.com/images/M/MV5BY2ZjMGRmMWUtNWRkNi00NGY3LWE2NzEtZTcyMTk2ODE4MGE1XkEyXkFqcGdeQXVyMTUzOTcyODA5._V1_QL75_UX140_CR0,1,140,207_.jpg",April
70. Yaanai Mugathaan,2h 7m,6.4,1.1K,"An autorickshaw driver is an ardent devotee of Lord Vinayagar. While he is an extremely religious person, he is unscrupulous in his day-to-day life. One day he finds he can't see his favourite god anymore.","1,070","https://m.media-amazon.com/images/M/MV5BNzA2YThkZTYtYTdmNy00YTZmLWE0ZmQtZGMyZTAxY2ZiNzY4XkEyXkFqcGdeQXVyMTUzNTgzNzM0._V1_QL75_UX140_CR0,6,140,207_.jpg",April
71. Deiva Machan,2h,5.7,1.2K,The film is about the brother striving to get her sister settled.,"1,236","https://m.media-amazon.com/images/M/MV5BMWM5M2Q0MzktMjBiZC00MmMxLWE5NjktNzRlZGE4ZDk5OGJjXkEyXkFqcGdeQXVyMTUyNjIwMDEw._V1_QL75_UX140_CR0,6,140,207_.jpg",April
72. Screenplay,1h 58m,,,"Based on real life events in the lives of Rahul, Krish and Shareen. While Rahul is trying for a job, he joins a job in a call center and Krish is introduced there. The company will close on the day of joining. But Krish says he has an idea to make easy money. At the same time Shareen who is there comes and joins in that plan and with them. Together, the three call a rich man named Vishwanath, tell him about his illegal activities, blackmail him and demand money. Meanwhile, police are searching for a psycho killer who is committing serial murders in the city. During this time, Krish, Rahul and Shareen, who went to Vishwanath's house to collect money, feel that some unforeseen murders have taken place.",,"https://m.media-amazon.com/images/M/MV5BODc3NmFmYzUtODlmYi00NzhkLWJlMWQtMmM5Y2Y2NzMxNjlmXkEyXkFqcGdeQXVyMTQ5MTE1NDg1._V1_QL75_UX140_CR0,2,140,207_.jpg",April
73. Do Over,,,,"An alcohol use disorder person who reaches his last stage of alcoholism by which he loses his loved family, job and his friends. A struggle inside him to get over is DO OVER.",,"https://m.media-amazon.com/images/M/MV5BM2NiMzZlOWMtMmM2NC00N2E5LWIyOWMtY2FmY2ZmNzgwMGZkXkEyXkFqcGdeQXVyMTA4MzQ4NzMw._V1_QL75_UY207_CR8,0,140,207_.jpg",April
74. Hangkussam: Balakandam the Rise,1h 40m,,,"Two brothers who lead similar yet very distinct lives. When one of the brothers dies, a world of darkness, destruction and ancient mythology is revealed due to the interference of a divine entity.",,"https://m.media-amazon.com/images/M/MV5BMjUxZGMzNDctYWQ4OC00Y2NkLWE2MjYtZmRjZWFkZmZmYzI5XkEyXkFqcGdeQXVyMTU3NzI3MjQx._V1_QL75_UX140_CR0,1,140,207_.jpg",April
75. Jenni,1h 37m,,,A 9 years boy gets a traditional wooden toy of a female figure from the site where the digging works are going on. Chandru keeps the toy in his room against the protest of his parents.,,"https://m.media-amazon.com/images/M/MV5BYWZjNmRhZTMtOWY1Ny00MWYzLTlmOGYtYjEwZTQ2ZjI0YmFjXkEyXkFqcGdeQXVyMTM4MjY5NDA2._V1_QL75_UY207_CR114,0,140,207_.jpg",May
76. Theerkadarishi,2h 1m,5.7,1.6K,"Theerkadarishi is an upcoming Tamil movie. The movie is directed by P. G. Mohan, L. R. Sundarapandi and will feature Ajmal Ameer as lead character.","1,573","https://m.media-amazon.com/images/M/MV5BNjJiYjNhOGItNGZjYi00NWEzLTg1MGUtODk0NTJkM2QwNTFkXkEyXkFqcGdeQXVyMTQ3Mzk2MDg4._V1_QL75_UY207_CR13,0,140,207_.jpg",May
77. Kulasami,2h 1m,5.1,58,"When a man loses his younger sister to a gang that lures college girls into sex work, he begins to scheme a revenge plan",58,"https://m.media-amazon.com/images/M/MV5BN2JiZWQ1M2ItYTY1MC00MjIzLWIyODYtNzJkMjY5NjE4ZGQ0XkEyXkFqcGdeQXVyMTUyNjIwMDEw._V1_QL75_UX140_CR0,4,140,207_.jpg",May
78. Good Night,2h 22m,7.7,3.8K,"A simple boy-next-door whose biggest problem in life is his snoring, falls in love with a girl. Follow how the couple overcome his sleeping problem while living together.","3,783","https://m.media-amazon.com/images/M/MV5BYmIxMzAzOTEtY2QyZi00YzBkLThiM2ItM2I5YzNhYzM2ZTJlXkEyXkFqcGdeQXVyMTQ3Mzk2MDg4._V1_QL75_UY207_CR4,0,140,207_.jpg",May
79. Raavana Kottam,2h 2m,4.3,180,A brash young person in a village must deal with problems in the villagers. He is the victim of many crimes that are not anticipated. Will he be able to live and prove the truth?,180,"https://m.media-amazon.com/images/M/MV5BMjRlY2UwMGQtNWI0Mi00ZTg4LWI3NTAtOGVkZTQ0YjkyZTZkXkEyXkFqcGdeQXVyMTY1MzAyNjU4._V1_QL75_UY207_CR8,0,140,207_.jpg",May
80. Yaadhum Oore Yaavarum Kelir,1h 56m,5.5,1.4K,"Punithan has a mysterious charm. He is not a riddle, though he appears to be one. Who is he? Where is he from? Where is he heading to? Why is he here? Answers will arrive only when he breaks his silence.","1,362","https://m.media-amazon.com/images/M/MV5BMjg0MTkxNTYtMmI4OC00M2Q1LTkzODktMDZjODUyOGJlZjZkXkEyXkFqcGdeQXVyMTY1MzAyNjU4._V1_QL75_UY207_CR8,0,140,207_.jpg",May
81. Karungaapiyam,2h 14m,6,1.3K,Regina's Umayal Karthika deciding to spend time at a 100-year-old unkempt library in a bid to divert and heal from a heartbreak.,"1,282","https://m.media-amazon.com/images/M/MV5BODY1Y2QyMzQtNWZkYS00NWFhLWIxNjUtZmEyNDVhZTVjN2NmXkEyXkFqcGdeQXVyMTY0MDk0NjE3._V1_QL75_UY207_CR3,0,140,207_.jpg",May
82. Maruthi Nagar Police Station,,5.7,161,Revolve around four close friends seeking revenge for the murder of their friend,161,"https://m.media-amazon.com/images/M/MV5BN2YzYWY0MWEtYzlmMC00MmEzLThjODQtYmVlMzgyNDQzYzY0XkEyXkFqcGdeQXVyMTU0ODI1NTA2._V1_QL75_UY207_CR13,0,140,207_.jpg",May
83. Pichaikkaran 2,2h 28m,5.7,1.8K,"A business tycoon being preyed on for his wealth, and a beggar on a constant hunt for his long-lost sister. How does money determine the fate of these two lives?","1,820","https://m.media-amazon.com/images/M/MV5BZWIyNzVlYjYtZjgxOC00NmFhLWE1OWMtMjFmZDVhMmE1MGI4XkEyXkFqcGdeQXVyMTY1MzAyNjU4._V1_QL75_UY207_CR6,0,140,207_.jpg",May
84. Mudakkaruthaan,,,,Liberating abused kids on street with high-octane twists and turns,,,May
85. Centimeter,1h 58m,4.4,22,"A scientist comes back home to finish his father's dream project. With the help of his friends and an A.I Humanoid, he sets up a lab inside a sacred grove and starts working on his subject Parvathy which leads to unpredictable occurrences.",22,"https://m.media-amazon.com/images/M/MV5BYTE4NzhkZmEtNjVlZC00NjM3LWIzMTAtZDU1MzFlYTY1ZTdhXkEyXkFqcGdeQXVyMjQ1Nzc4NTM@._V1_QL75_UY207_CR8,0,140,207_.jpg",May
86. Porkudi,,,,,,,May
87. Theera Kadhal,2h 8m,6.4,621,"Two ex-lovers unexpectedly rekindle their romance. Despite being married to different people, one of them believes they are meant to be together.",621,"https://m.media-amazon.com/images/M/MV5BZmM4MTI0N2UtNDVjZC00NTc3LWFjNjgtZDAwNGFlYzQwNWI5XkEyXkFqcGdeQXVyMTY1MzAyNjU4._V1_QL75_UY207_CR4,0,140,207_.jpg",May
88. 1982 Anbarasin Kaadhal,,9.7,135,"Anbarasu, a soft-hearted youth takes a life changing trip to Kerala to express his feelings to the love of his life. But soon he comes across a lot of life-threatening obstacles, will Anbu and his love succeed or succumb ?",135,"https://m.media-amazon.com/images/M/MV5BNTIyNGI5YzUtOWU5Ni00MjM5LThkNDgtZWZiYTg5ZTE5M2UwXkEyXkFqcGdeQXVyMTA4MzQ4NzMw._V1_QL75_UX140_CR0,6,140,207_.jpg",May
89. Kazhuvethi Moorkkan,2h 32m,5.7,934,Moorkan and Bhoominathan are friends who live in Ramanathapuram district. Moorkan is rude while Bhoominathan is quiet. What will happen when someone will try to pit them against each other?,934,"https://m.media-amazon.com/images/M/MV5BNDRlZTlhNzQtMjMxYi00ZDdlLTk2OGItYjdjZGI2ZmU1M2JmXkEyXkFqcGdeQXVyMTY1MzAyNjU4._V1_QL75_UY207_CR8,0,140,207_.jpg",May
90. Sarugugal,,,,"Krishnamoorthy has not come to terms with his wife's demise, even after a year. He is very much obsessed to his wife's belongings and spends most of his time with the things she left behind. His obsession slowly starts affecting his son's family. His son and daughter in law try to find ways to help him move on.",,"https://m.media-amazon.com/images/M/MV5BOTZlYjU5YWItMmI4Zi00N2UzLWI5MzktZmJlOGQ3NTkwM2FiXkEyXkFqcGdeQXVyMTY1NzM5MDE3._V1_QL75_UY207_CR9,0,140,207_.jpg",May
91. Kadhalism,,,,"Mukund is working on photography to become a great photographer. Meanwhile he sees a girl named Smitha and falls in love with her. According to Mukund, marriage makes every man selfish. So Livin's relationship is okay. Smita also falls in love with Mukund and wants to marry him. So she introduces Mukund to her father. But Dad dislikes Mukund because of his behavior and irresponsibility.",,"https://m.media-amazon.com/images/M/MV5BZTQ2NzBlNDQtMGZjMC00MDFhLWIxOGEtMWI1ODlkMzNlOTJhXkEyXkFqcGdeQXVyMTY3OTUzNjM2._V1_QL75_UY207_CR3,0,140,207_.jpg",May
92. Kather Basha Endra Muthuramalingam,2h 32m,4.7,3.7K,"In Ramanathapuram district, where Nana, the powerful gangster, tries to take control of the village. Kathar is not ready to listen to him and refuses to make peace with them. Will both survive the battle or not?","3,677","https://m.media-amazon.com/images/M/MV5BZTQzODg3ODctYWY3NC00NjkzLWIzN2YtNTE4NjE5ZTY1Yzc0XkEyXkFqcGdeQXVyMTIyNzY0NTMx._V1_QL75_UX140_CR0,21,140,207_.jpg",June
93. Thuritham,1h 47m,,,,,"https://m.media-amazon.com/images/M/MV5BYmYzNmQ1YTUtNjNhYi00ODNhLWIyOTgtZDI1NjViMGNjZWU1XkEyXkFqcGdeQXVyMTUzNTgzNzM0._V1_QL75_UY207_CR33,0,140,207_.jpg",June
94. Veeran,2h 35m,6,1.2K,"A 15-year-old boy living in Veeranor, gets struck by lightning and goes into a short coma. After recovery, he gradually realizes that he has superpowers of lightning and mind control.","1,152","https://m.media-amazon.com/images/M/MV5BNjQ3MDcxMzAtNjZhYy00ZTQ4LTgzNDEtNDE0YmY4ZDFhODU3XkEyXkFqcGdeQXVyMTQ3Mzk2MDg4._V1_QL75_UX140_CR0,2,140,207_.jpg",June
95. Por Thozhil,2h 27m,8,8K,A bright but faint-hearted rookie cop has to overcome his fears in order to succeed in his first case which sees him partnered with a reclusive senior officer to catch a serial killer on the loose.,"8,022","https://m.media-amazon.com/images/M/MV5BY2U5ZjQ2MGMtNDI5ZS00NzJjLTg5YTAtMTVhYWQ4MGE4NmQxXkEyXkFqcGdeQXVyMTY1MzAyNjU4._V1_QL75_UY207_CR4,0,140,207_.jpg",June
96. Takkar,2h 18m,5.6,2.1K,"A young and dynamic boy has the urge to mint money meets a girl, who believes Money is the cause of all distress to life. How does their life transform together?","2,106","https://m.media-amazon.com/images/M/MV5BNzhhYTUyMWYtMzA0My00ODQ1LWJhNjktYzg0NjJkZDI2YzhmXkEyXkFqcGdeQXVyMTY1MzAyNjU4._V1_QL75_UY207_CR1,0,140,207_.jpg",June
97. Bell,,,,,,"https://m.media-amazon.com/images/M/MV5BMDIwODAxODAtMTUxNi00ZjJiLWEyYTktNGIwMDI5NTA5OGI4XkEyXkFqcGdeQXVyMTU0ODI1NTA2._V1_QL75_UX140_CR0,5,140,207_.jpg",June
98. Bommai,2h 25m,6.9,60,A man who is imagining a store doll as his lover.,60,"https://m.media-amazon.com/images/M/MV5BZWRlNDdiMTUtZThhNC00ODhhLTkzNGMtY2I4NjJlYTQyZmRlXkEyXkFqcGdeQXVyMTY1MzAyNjU4._V1_QL75_UY207_CR2,0,140,207_.jpg",June
99. Naayaadi,1h 37m,6.8,161,"How the Naayaadis, who have been suffering for years, learned and used witchcraft voodoo and black magic to protect themselves from humans and animals in the past, and their connection today",161,"https://m.media-amazon.com/images/M/MV5BNWY3NjU1OWYtMWZmOC00ZDNhLWFjOTUtYTU1MmFmNWQ4YzczXkEyXkFqcGdeQXVyMTA4MzQ4NzMw._V1_QL75_UY207_CR8,0,140,207_.jpg",June
100. Erumbu,1h 44m,7.4,813,"A boy, who loses a one-gram ring and he is on a mission to find it before his family returns home. His sister, and a friend, stand by him throughout the journey. It is essential that Muthu gets back the ring as it benefit their family.",813,"https://m.media-amazon.com/images/M/MV5BYTdiOThhYWItN2Q5YS00OGM0LWI1NGYtMGU3ZDFiZTY4NDcxXkEyXkFqcGdeQXVyMTUyNjIwMDEw._V1_QL75_UX140_CR0,6,140,207_.jpg",June
101. Charles Enterprises (Tamil),,,,"Ravi, a cashier in a well known bakery group in Chennai, faces heartbreak as his nearly fixed wedding breaks due to his night blindness caused by his congenital impairment. Realizing his impairment is the reason he is not getting anywhere in his life, Ravi plans to start his own business and overcome it. He seeks his parents' financial aid for the same, but his hope gets dashed once again as the conversation ends in another fight between his parents. That's when Parvatham approaches him again for the idol, offering him a tidy sum in return. She also tempts him, saying that he could travel abroad with the money she gives him and treat his night blindness effectively. Naturally, this entices Ravi, and some plans start emerging in his mind.

In the meantime, due to many inauspicious incidents and endless obstacles hitting the family's peaceful life, Gomathi's family conducts a Kavidi prashnam under the supervision of their family astrologer. In the Kavidi prashnam, it is suggested that the only way to end their bad luck is to move the Ganesha idol back to the family temple. Gomathi, who has a blind belief in such matters, agrees to do it in no time. When Gomathi informs Ravi about these new turns of events, Ravi's dreams surrounding the idol get shattered. Ravi steals the Ganesha idol from his mother's bedroom on that rainy night. He hides it in his cousin's old car lying unwanted outside their house for ages.

Ravi tries to contact Parvatham to sell the stolen idol, but he can't reach her. Since he has no information about her whereabouts, Ravi falls into total crisis. In that desperation, Ravi contacts Charles, a pickpocket from the Vaathuruthi colony, whom he met at the police station a few days ago. After listening to Ravi's problems, Charles unconditionally agrees to help him out. So Ravi and Charles venture out to find an appropriate place to sell the idol. They go to many shops and centres of Kochi where such fraudulent activities take place. This journey develops a deep friendship between them.

Charles' company reinstates Ravi's lost confidence and positivity. After passing through many struggles and days of tense moments, Charles and Ravi finally sell the idol, which also brings Gomathi's ideas about God to new heights. With the money he earns from the Ganesha idol, Ravi starts a shop selling idols. He names it after his pickpocket buddy- Charles Enterprises!",,"https://m.media-amazon.com/images/M/MV5BNTk2OGM5ZjktYzBlOC00YzA0LTk3NDYtYjM1YTdiZDFiYzVjXkEyXkFqcGdeQXVyMzMxMDUzNTk@._V1_QL75_UY207_CR1,0,140,207_.jpg",June
102. Rocky: The Rambo,,,,"A professional hitman who works for a company wants to leave his position and start a new, regular life with his family after falling in love with a woman. However, the protagonist receives a call from someone warning him to kill himself or he'll kill his sweetheart, which prompts the subsequent events and causes the protagonist to become trapped in a time loop. (This groundbreaking film pushes the boundaries of world cinema by taking a unique approach - not a single character's face is shown throughout the entire movie. Every artist's face is cleverly covered, creating an intriguing and suspenseful atmosphere that captivates the audience from start to finish. This unprecedented artistic choice sets this film apart, making it a must-watch for those seeking innovative storytelling techniques that challenge traditional norms.)",,"https://m.media-amazon.com/images/M/MV5BYzU3ZGJjYjUtNTFiYS00Njk2LTkwNTYtZTkwOGU5OWEzZjZmXkEyXkFqcGdeQXVyMTY4MTYyODMz._V1_QL75_UX140_CR0,9,140,207_.jpg",June
103. Uruttu Tech,1h 6m,9.8,8.4K,The tech war between truth and deception begin upon the community and its destiny is unknown,"8,406","https://m.media-amazon.com/images/M/MV5BYjIwMDkwNDUtZTE4My00Y2U0LTg1ZTMtNjcyYWEyZDRlNTQxXkEyXkFqcGdeQXVyMTI4Mjk4MDc4._V1_QL75_UX140_CR0,0,140,207_.jpg",June
104. Thandatti,2h 3m,6.7,916,"Subramani, on the brink of retirement, defies warnings to solve the case of Selvarasu's missing grandmother. Everything goes hilariously awry when Subramani finds himself trapped in a chaotic whirlwind of trouble.",916,"https://m.media-amazon.com/images/M/MV5BYjg3MjdiY2ItMTdjYy00MGZkLWFhOTgtNWVhYzhhMzdlNTU4XkEyXkFqcGdeQXVyMTUyNjIwMDEw._V1_QL75_UY207_CR3,0,140,207_.jpg",June
105. Asvins,1h 51m,4.7,898,A group of Youtubers who accidentally unleash a 1500-year-old evil that crosses over from the realm of darkness to the human world.,898,"https://m.media-amazon.com/images/M/MV5BZDk3NzU5ODMtZDhhMi00OWMwLWFkMzQtNzFmMjIwMGIxNzMwXkEyXkFqcGdeQXVyMTQ3Mzk2MDg4._V1_QL75_UY207_CR11,0,140,207_.jpg",June
106. Paayum Oli Nee Yenakku,1h 59m,4.9,158,"Following a catastrophe in his life, Aravind, an entrepreneur with low light blindness, embarks on a relentless hunt utilising only audio clues.",158,"https://m.media-amazon.com/images/M/MV5BYWU4ODRiODAtMTYzZi00ZjJlLWE3YTItMTcxMTUyMzZlZDgyXkEyXkFqcGdeQXVyMTY1MzAyNjU4._V1_QL75_UY207_CR4,0,140,207_.jpg",June
107. Regina,1h 58m,5.8,7.1K,"Regina is an upright and straightforward girl whose world revolves around her father. However, things change when her father gets killed. She soon gets married to Jo, an employee at a Private bank. What will happen when Jo dies too?","7,051","https://m.media-amazon.com/images/M/MV5BNTI3YjZlMTAtMzllNy00NmYzLTkwMmYtNjRjMDE4NDlhMGZiXkEyXkFqcGdeQXVyMTUyNjIwMDEw._V1_QL75_UX140_CR0,19,140,207_.jpg",June
108. Azhagiya Kanne,1h 57m,9.6,160,An aspiring filmmaker marries a girl who belongs to a different community. Can they lead a peaceful life after?,160,"https://m.media-amazon.com/images/M/MV5BMmQ2MWQ4NDItOTJhMy00ZDhmLWFhMTItNjI4MTEwZDIyNWFiXkEyXkFqcGdeQXVyMTQ3Mzk2MDg4._V1_QL75_UX140_CR0,2,140,207_.jpg",June
109. Thalainagaram 2,2h 23m,2.5,535,"A kindhearted-yet-fearless man, once a gangster, wants to stay away from the problems around him. But the three criminals who rule the city won't let him be the same.",535,"https://m.media-amazon.com/images/M/MV5BZGNlMjNhMDktYjcxZC00ZTMyLTk1ZWEtOGJjYzc2YTllMmQ1XkEyXkFqcGdeQXVyMTU0ODI1NTA2._V1_QL75_UX140_CR0,6,140,207_.jpg",June
110. Kabadi Bro,2h 2m,,,"A kabadi champion, who breaks any rule to win anything in life crosses line with a police officer,who bends any rule to catch a criminal.",,"https://m.media-amazon.com/images/M/MV5BOWQyYTlkNDktOTYxMS00OTVmLWEzYzYtMTU4ZDRhZjVkOGQzXkEyXkFqcGdeQXVyMTA4MzQ4NzMw._V1_QL75_UY207_CR3,0,140,207_.jpg",June
111. Maamannan,2h 37m,6.7,5K,"The community that was exploited by the town's influential man, who completely rules due to the powerful backing of the authorities. A man collects evidence to flip him upside down when he was helpless to stop his endless torture.","5,004","https://m.media-amazon.com/images/M/MV5BNjFmMTI3MTUtMTdmNS00ODI0LWEwM2UtMDVjOTAxZmFhODg5XkEyXkFqcGdeQXVyMTY1MzAyNjU4._V1_QL75_UY207_CR12,0,140,207_.jpg",June
112. Nirangal Aayiram,,,,,,"https://m.media-amazon.com/images/M/MV5BNjE1ZGQwNzktNjFmYy00MTQ1LTkxMDMtNTgyMjA3OTE1NjlkXkEyXkFqcGdeQXVyMTcwNzczODA0._V1_QL75_UY207_CR4,0,140,207_.jpg",June
113. Rajathanthiram: The Piano,2h 11m,9.5,33,"The story revolves around a special piano that holds a precious secret. Many years ago, a man by the name of Arumugam receives a wooden box as a gift from an anonymous Englishmen for his kindness. Upon inspecting the wooden box further in his house, Arumugam discovered a precious pink diamond, with no intention of selling the diamond, he and his piano-maker friend designed and built a custom-made piano that has a secret compartment that can only be unlocked by playing a unique tune. Arumugam splits the tune into four and teaches his four children separately. Years passed and Arumugam develops Alzheimer's disease, forgetting about the piano's secret, neither does his family had any knowledge of it but things started to go for the worse when several dangerous and mysterious figures finds out the piano's secret and goes after Arumugam's family for the diamond.",33,"https://m.media-amazon.com/images/M/MV5BZGQ3NWY5ZmMtMDQwNC00OWQ1LWFlZmYtZWViOGIxYTc2NjdkXkEyXkFqcGdeQXVyMTY3MjE5Mzcx._V1_QL75_UY207_CR13,0,140,207_.jpg",June
114. Ring Ring,,,,""" RING RING "" offers an entertaining and light-hearted depiction of how a seemingly innocent game can unravel deep secrets and test the strength of friendship and relationships.",,"https://m.media-amazon.com/images/M/MV5BZTlhNmQ3N2YtZjFlZC00NDQ3LWE2YmItNzkzMTc5Y2EzMmEzXkEyXkFqcGdeQXVyMTY1NjE2NTMw._V1_QL75_UY207_CR67,0,140,207_.jpg",July
115. Infinity,1h 52m,4.1,134,"A series of murders happens in a City (Chennai), which is investigated by CBI Officer Evvi Ilavalavan (Natty Natraj). Will he find the answers for the question Who, How and Why of the crime, that too in time?",134,"https://m.media-amazon.com/images/M/MV5BNGVmNDkyNjMtM2I0Zi00OTYwLWJjYTQtNDA0MWNkMzBmMjM4XkEyXkFqcGdeQXVyMTA4MzQ4NzMw._V1_QL75_UX140_CR0,6,140,207_.jpg",July
116. Kaadapura Kalaikuzhu,,7,891,It is a film based on the concept of reviving folk arts and dance.,891,"https://m.media-amazon.com/images/M/MV5BMDhiODJjMWQtMjE5Ny00MmVjLWI5MzctZWQ3M2JlYWFhZjc1XkEyXkFqcGdeQXVyMTA4MzQ4NzMw._V1_QL75_UY207_CR3,0,140,207_.jpg",July
117. Bumper,2h 25m,7.8,97,"Pulipandi and friends, wanted by police, escape to Sabarimala. Pulipandi buys lottery, loses it. Lottery is found, wins 10 crores. Will Pulipandi get the prize? Action-packed rollercoaster unfolds.",97,"https://m.media-amazon.com/images/M/MV5BNTIxMjRlYWQtOWJlNy00MTQyLWI5ODItMjM3NGE1YmJjMTY1XkEyXkFqcGdeQXVyMTA4MzQ4NzMw._V1_QL75_UX140_CR0,1,140,207_.jpg",July
118. Rayar Parambarai,2h 7m,,,Rayar Parambarai is a Tamil Movie. It belongs to the genre romantic comedy.,,"https://m.media-amazon.com/images/M/MV5BNWVlYmEyMzUtMWE3NC00M2ZlLWE1ZTItODM2NDRhZjlmZTBiXkEyXkFqcGdeQXVyMTA1Mjk1ODcz._V1_QL75_UY207_CR114,0,140,207_.jpg",July
119. Vil Vithai,1h 52m,4,49,"Car Driver Mithran and Swetha Lose Their Child Bhavana to a Gang of Rapists. Mitran, Who Thinks That Such an Impact Should Not Happen to Any Parents Who Bring Up Girls",49,"https://m.media-amazon.com/images/M/MV5BMTk4NTdlNmYtZTYwNy00YmJkLWEwNDUtMjA4YzJkNGY5OWQzXkEyXkFqcGdeQXVyMTA4MzQ4NzMw._V1_QL75_UX140_CR0,6,140,207_.jpg",July
120. Baba Black Sheep,1h 59m,3.4,211,"Around a school and will revolve around the happiness, sorrows, joys and notorious activities of children.",211,"https://m.media-amazon.com/images/M/MV5BMmUzOTM4YWUtYjZkNi00MzA1LWE3MDYtYmNkM2ZkYWY0NmE0XkEyXkFqcGdeQXVyMjA1MTA3MjY@._V1_QL75_UX140_CR0,2,140,207_.jpg",July
121. Kanneera,2h 35m,8.2,14,"A romantic family drama involving a love conflict between a young CEO, Mithran and his new staff, Neera who both are already committed in different relationships respectively",14,"https://m.media-amazon.com/images/M/MV5BMjAzMzFjOTItMmRmYS00YmQ1LTg5MmMtMGFhNDJjYTliZGIzXkEyXkFqcGdeQXVyMzYxOTQ3MDg@._V1_QL75_UY207_CR3,0,140,207_.jpg",July
122. Kolai,2h 6m,5.2,538,"When a famous model is killed, a smart detective investigates after realizing the incident seems to be a mystery.",538,"https://m.media-amazon.com/images/M/MV5BN2FlNjAyYjktODYyNC00OTBkLTkxMmUtZGI4NmUyM2I0MzMyXkEyXkFqcGdeQXVyMTY1MzAyNjU4._V1_QL75_UY207_CR4,0,140,207_.jpg",July
123. Sync,1h 17m,5.7,119,"Four friends go on a road trip, and when they return, they get caught in a hit-and-run case.",119,"https://m.media-amazon.com/images/M/MV5BNzU2N2QzYTYtYjM3ZS00OTY4LTlhMWQtYTQwNjhkZmRiYmIzXkEyXkFqcGdeQXVyMTQ3Mzk2MDg4._V1_QL75_UY207_CR3,0,140,207_.jpg",July
124. Sathiya Sodhanai,1h 49m,9.2,30,Influential villager is murdered. Pradeep comes across the dead body and discovers jewell. He decides to surrender the jewels to the police but the greedy officials at the station refuse to believe his true intentions take him into custody.,30,"https://m.media-amazon.com/images/M/MV5BNDg5YmM3M2YtZjg1Yi00MDRmLThhMmYtZTkzMzdhYzg3MmNiXkEyXkFqcGdeQXVyMTA5NDU3NjU3._V1_QL75_UY207_CR13,0,140,207_.jpg",July
125. Echo,1h 50m,6.5,13,"Prakash's troubled marriage is plagued by a paranormal presence. Seeking help from a black magician, he uncovers a dark family secret. Things get interesting when the spirit's true identity and the resolution of the mystery unravels.",13,"https://m.media-amazon.com/images/M/MV5BOGViZjUwNDMtNDhhYi00YjZiLTkxNDgtYTc4Yjk0NTJjYWZiXkEyXkFqcGdeQXVyMTUyNjIwMDEw._V1_QL75_UX140_CR0,1,140,207_.jpg",July
126. Raakadhan,1h 54m,8.6,29,"Ajmal, a police officer, is assigned to a double murder case that took place at a modeling spa center. While investigating, Ajmal discovers the politics of modeling.",29,"https://m.media-amazon.com/images/M/MV5BZTQwZTcxZmMtYzFkNC00ZmJiLWIwZTUtMjRkZTgwNDZjZDk3XkEyXkFqcGdeQXVyMTA4MzQ4NzMw._V1_QL75_UY207_CR13,0,140,207_.jpg",July
127. Yokkiyan,2h 1m,,,The villain tries to steal the protagonist's sperm sample to torture the hero and the heroine. Will the villain be successful?,,"https://m.media-amazon.com/images/M/MV5BNmE2MjVlMmYtOTZiMC00YzI3LWI1Y2UtMTZjNzFiN2M2MTlmXkEyXkFqcGdeQXVyMTA4MzQ4NzMw._V1_QL75_UX140_CR0,6,140,207_.jpg",July
128. DD Returns,2h 4m,6.2,1.4K,"The protagonist and his friends hides a bag full of money and jewels in a haunted bungalow to ditch the police. When he goes to retrieve the bag, a ghost makes him play a survival game in order to leave with the bag.","1,374","https://m.media-amazon.com/images/M/MV5BZTNlYTliNTctMjUxOS00N2Q4LWFiMDQtNjNiYWIwODgwMzUwXkEyXkFqcGdeQXVyMTIyNzY0NTMx._V1_QL75_UX140_CR0,21,140,207_.jpg",July
129. Love,1h 43m,4.3,80,"Ajay and Divya are head-over-heels in love with each other, but their lives turn upside down within a year of their marriage.",80,"https://m.media-amazon.com/images/M/MV5BYzA2OTJlZjUtNDAwZi00ZmYwLTg3ZWYtZDZkYjMyODcxZWYzXkEyXkFqcGdeQXVyMTY1MzAyNjU4._V1_QL75_UY207_CR5,0,140,207_.jpg",July
130. Let's Get Married,2h 32m,4.7,536,"Gowtham and Meera, an intertwined couple who share both a workplace and a romantic bond that has flourished for a span exceeding two years, stand at the precipice of a transformative moment.",536,"https://m.media-amazon.com/images/M/MV5BMTAxOGVhZmUtMzAzZi00MjRjLWIzMzMtODU1NzgxN2FiNjFlXkEyXkFqcGdeQXVyMTY1MzAyNjU4._V1_QL75_UX140_CR0,21,140,207_.jpg",July
131. Dinosaurs,2h 30m,7.7,2.1K,An unforgivable and outrageous act manipulated by a notorious gangster Salaiyar leads to a raging feud between him and an intrepid youngster Mannu.,"2,123","https://m.media-amazon.com/images/M/MV5BNzllNzljMGQtYWQzZS00NGYxLWI5ZTQtNzVjYWFkN2QzYjg2XkEyXkFqcGdeQXVyMTA4MzQ4NzMw._V1_QL75_UX140_CR0,1,140,207_.jpg",July
132. Pizza 3: The Mummy,2h 3m,4.6,978,The protagonist on a probe to solve a series of murders that take place exactly where he delivers food.,978,"https://m.media-amazon.com/images/M/MV5BOTljYjRlN2UtOThmMC00MzgzLWE5ZWMtM2JkODFkYTE1ZjkwXkEyXkFqcGdeQXVyMTI1NDAzMzM0._V1_QL75_UX140_CR0,6,140,207_.jpg",July
133. Aramudaitha Kombu,2h 7m,9.8,96,"AwardWinner The one who immeasurably blessed with mother, father, love and place. Unfortunately he loses everything in few days and comes to the point of ending his life,and what happened to him form the crux of this emotional rural drama.",96,"https://m.media-amazon.com/images/M/MV5BZTVjNjRiMTgtMWZkMi00YjE4LWFkN2YtMDkxMWRlOWVkM2VmXkEyXkFqcGdeQXVyMTA4MzQ4NzMw._V1_QL75_UX140_CR0,6,140,207_.jpg",July
134. Appatha,1h 56m,7.2,181,The Adventures of Kannamma who is scared of dogs.,181,"https://m.media-amazon.com/images/M/MV5BYTZlZDc0YWYtZmYwMy00ZjExLWFjMWEtZTIzYWE4MGZjNzliXkEyXkFqcGdeQXVyMTQ3Mzk2MDg4._V1_QL75_UY207_CR114,0,140,207_.jpg",July
135. Singapore Saloon,,,,A young hairstylist who has a lot of dreams.,,"https://m.media-amazon.com/images/M/MV5BN2I0Mjk0ZDQtNjQ4ZC00OTRjLTgxNDAtNzI0YmI1NGMyMGUxXkEyXkFqcGdeQXVyMTUzNTgzNzM0._V1_QL75_UX140_CR0,5,140,207_.jpg",July
136. Oda Vittu Sudalama,,,,"Selvam, an Auto Driver, Travelling by a Car to Coimbatore on a Purpose of Delivering It to a Client. On the Way, He Has Got to Pick Up Some Crew, Who Tell Him That They Are Going to Deliver Some Unofficial Stuff to Somebody in Coimbatore.",,"https://m.media-amazon.com/images/M/MV5BNTZkZjU3MTgtNmU5OC00NjNmLTllMmMtYjQ3ZjI4ZmRmMzcxXkEyXkFqcGdeQXVyMTA4MzQ4NzMw._V1_QL75_UX140_CR0,21,140,207_.jpg",August
137. Saandrithazh,2h 10m,9.2,826,"Karuvarai village is a prime example of a perfect village. A village with CCTV cameras, preventing wrong intentions.",826,"https://m.media-amazon.com/images/M/MV5BY2ZiNDhkODAtMmY2Ni00ZWFlLWI0YjktYmViYTU2MmI4MWM5XkEyXkFqcGdeQXVyMTA4MzQ4NzMw._V1_QL75_UX140_CR0,6,140,207_.jpg",August
138. Web,1h 58m,5.4,52,"Friends trapped, Veera seeks revenge for sister's death. Torment, fear, and a shocking revelation. Can they escape? Find justice? The answers unfold in their fight against the psychopath",52,"https://m.media-amazon.com/images/M/MV5BZWRlMDBiMTEtZTIzYy00ODk1LTljZGQtOGFjOWQxZjZiMDBhXkEyXkFqcGdeQXVyMTA4MzQ4NzMw._V1_QL75_UX140_CR0,1,140,207_.jpg",August
139. Men in Blue,,,,Resistance brews among the Indian immigrants who were stripped of their dignity when a reputed shipyard in Texas conscripted them as guest workers to repair the oil rigs and ships damaged after Hurricane Katrina.,,"https://m.media-amazon.com/images/M/MV5BZjdiNDBkYjctNzJlOS00MWJhLTg4YjgtYzA3YzZjMTY5Y2ZkXkEyXkFqcGdeQXVyMjYyOTQ0ODY@._V1_QL75_UX140_CR0,1,140,207_.jpg",August
140. Priyamudan Priya,2h 5m,5.8,448,"Beloved radio jockey Priya's wedding plans jeopardized when an obsessed fan holds her family hostage. To protect them and her show, she faces a perilous struggle against the psycho's twisted game",448,"https://m.media-amazon.com/images/M/MV5BODdkYzdiODktODUzZS00MGI5LTkxMmMtM2Y4MTAyMzM1NzE1XkEyXkFqcGdeQXVyMTA4MzQ4NzMw._V1_QL75_UX140_CR0,1,140,207_.jpg",August
141. Jailer,2h 48m,7.1,28K,"A retired jailer goes on a manhunt to find his son's killers. But the road leads him to a familiar, albeit a bit darker place. Can he emerge from this complex situation successfully?","28,446","https://m.media-amazon.com/images/M/MV5BNzFkNmZkMTctYjRhMS00ODZiLWFlNjQtZmZmN2IzMDJlNmVkXkEyXkFqcGdeQXVyMTY1MzAyNjU4._V1_QL75_UX140_CR0,5,140,207_.jpg",August
142. Vaan Moondru,1h 40m,6.2,138,"Revolve around the romance between these six characters, that transcends age and other norms.",138,"https://m.media-amazon.com/images/M/MV5BNWM5MDk5NTktMjQwNy00OWFjLTk0MWQtOTIzZDlmNGI0OGUxXkEyXkFqcGdeQXVyMTUzNTgzNzM0._V1_QL75_UY207_CR13,0,140,207_.jpg",August
143. Thupparivaalan 2,,8.6,23,"Sequel to Thupparivaalan (2017). Follows Kaniyan Pongundran, a detective who works with his partner Mano to solve cases.",23,"https://m.media-amazon.com/images/M/MV5BY2E3NDZkYWUtNGFiOS00NTQ5LWE0NTEtYmQ2OTMwNmU3MzU3XkEyXkFqcGdeQXVyODEyNjEwMDk@._V1_QL75_UX140_CR0,1,140,207_.jpg",August
144. Harkara,2h 5m,7.4,1.7K,Traces the history of the postal service from the times of the first postman to the current times.,"1,730","https://m.media-amazon.com/images/M/MV5BYTRiYzI0ZDEtOWNiOC00ZTZkLTgyZGMtOTljZTk5NmE5OWExXkEyXkFqcGdeQXVyMTUzNTgzNzM0._V1_QL75_UX140_CR0,4,140,207_.jpg",August
145. Adiyae,2h 19m,6.2,787,"When a depressed Jeeva gets into a freak accident, he wakes up to a bizarre utopian alternate reality, Living the most ideal life, Jeeva finds a purpose in life. But fate has other plans when he gets pulled back to the reality",787,"https://m.media-amazon.com/images/M/MV5BOGNjNjEwZDItYjRkMi00MDkzLWJiMDAtZGI4NTBjNDk5NDk0XkEyXkFqcGdeQXVyMTU0ODI1NTA2._V1_QL75_UX140_CR0,1,140,207_.jpg",August
146. Partner,2h 4m,4.3,121,"Best friends who steal for a living. When they try to steal from a scientist, One of them falls trap to one of his scientific experiments, transforming him into a woman.",121,"https://m.media-amazon.com/images/M/MV5BMzUxZTU4MjgtNzEzZC00ZmEyLWIzN2YtOTllM2Q1OTJkZWQ5XkEyXkFqcGdeQXVyMTU0ODI1NTA2._V1_QL75_UY207_CR158,0,140,207_.jpg",August
147. Yaalam,35m,9.6,7,"Velu, a small-time thief's life is turned upside down as he is pursued by a police officer who has previously detained him. However, things change when he discovers of the police's genuine story, which could change their life.",7,"https://m.media-amazon.com/images/M/MV5BYjZjNmZkNTAtNDZmMS00MTkwLWFlYTAtYjc4ZjEzNDNlOGJhXkEyXkFqcGdeQXVyMTY4MTYzOTMx._V1_QL75_UY207_CR13,0,140,207_.jpg",August
148. Soppana Sundhari,2h 25m,,,"NCB unit of police is implementing a secret mission which is led by a brave police officer, Saro (Varun Thushyanthan), in order to collect information regarding the drugs network. On the other side, there are three thieves (Kajanan, Joel and Naresh) who usually break into house to fulfill their day-to-day needs of life. Later they decided to rob from a filthy rich woman (Perllijah). Consequences of that robbery change the life of thieves upside-down with the unexpected turns.",,"https://m.media-amazon.com/images/M/MV5BZjYyODc1MzktYmY4Ni00MDQzLTg4NDgtZjRhMGNjNTJmMTgxXkEyXkFqcGdeQXVyNjA2MzQyMTk@._V1_QL75_UY207_CR3,0,140,207_.jpg",August
149. Oongi Adicha Ondra Ton Weightu Da,1h 40m,8.9,131,Crimes happening in the city and the investigation about the killer forms the crux of the remaining.,131,"https://m.media-amazon.com/images/M/MV5BMGVjYjQzNmItYTY0OC00MGExLWJhZWItNjY5YWQ5Zjg2YmZkXkEyXkFqcGdeQXVyMTA4MzQ4NzMw._V1_QL75_UX140_CR0,22,140,207_.jpg",August
150. 3.6.9,,8.2,12,"As the church prepares for its services, a group of armed men storms in, taking control and coercing the priest into surrendering a coveted formula in his possession. each unfolding scene, culminating in an action-packed climax.",12,"https://m.media-amazon.com/images/M/MV5BNDI3ODFjNmItZDZmNC00OTFkLWE3YTItMzk3ODczYWMwZWE2XkEyXkFqcGdeQXVyMTY5MzYxNjE2._V1_QL75_UY207_CR34,0,140,207_.jpg",August
151. Kushi,2h 43m,5.4,7K,"Raised in an atheist household, a young man falls in love with the daughter of his father's arch-rival, a devout Hindu leader.","6,966","https://m.media-amazon.com/images/M/MV5BNmU2Nzc2ZmItMTc5ZS00ZTE5LWEyOTMtMzIwYjBkNTI3Mjg4XkEyXkFqcGdeQXVyMTUyNjIwMDEw._V1_QL75_UY207_CR14,0,140,207_.jpg",August
152. Paramporul,2h 26m,7.5,1.5K,"Revolves around the smuggling mafia of sacred temple idols and a cop who involves with a smuggler to make money out of a sacred idol, possessed by a murder victim.","1,460","https://m.media-amazon.com/images/M/MV5BNGM1MWMxOWMtYTA2Yi00Yjc4LWEwMTItNDMyMTVjNjM0M2Q5XkEyXkFqcGdeQXVyMTY1MzAyNjU4._V1_QL75_UY207_CR2,0,140,207_.jpg",September
153. Rangoli,2h 10m,8.1,522,A school boy frequently overcomes uncertain issues. Later realize his family struggles because of him.,522,"https://m.media-amazon.com/images/M/MV5BODRhNDRhYmEtYjMzZi00MDU4LWI0YTQtZmVhMDFiNmUxMTgzXkEyXkFqcGdeQXVyMTA4MzQ4NzMw._V1_QL75_UY207_CR3,0,140,207_.jpg",September
154. Lucky Man,2h 14m,6.4,575,Follows a man as he sets out to find out what real luck is about.,575,"https://m.media-amazon.com/images/M/MV5BOGFiNDVkODEtNjBhMi00YTY0LThiZWItZTNkNGI4M2RlMTllXkEyXkFqcGdeQXVyMTUyNjIwMDEw._V1_QL75_UX140_CR0,2,140,207_.jpg",September
155. Karumegangal Kalaiginrana,2h 18m,7.6,231,The Story is about Human Emotions and how to value the family when they are within reach "NOT" after you realize you had lost. A family without a strong foundation and values will disintegrate.,231,"https://m.media-amazon.com/images/M/MV5BMGNkMzAyMTgtOGI4Zi00ZjI4LTkzOTgtNDEwY2VkMTQ4OWJhXkEyXkFqcGdeQXVyMTU0ODI1NTA2._V1_QL75_UX140_CR0,6,140,207_.jpg",September
156. Kick,2h 14m,3.5,564,A young advertisement director suddenly has the chance to take over a global corporation by masquerading as the fake son of the CEO. While being chased out by angry investors.,564,"https://m.media-amazon.com/images/M/MV5BZTA3YjY5YTktM2RlMC00MWRhLTlkOTMtZDUzZTYyMjBiOWVkXkEyXkFqcGdeQXVyMTUzNTgzNzM0._V1_QL75_UX140_CR0,0,140,207_.jpg",September
157. Tamilkkudimagan,2h 3m,7.5,423,"A VAO who belongs to the lower-caste community.Despite his respectable job, he has still been called by the upper caste people to perform the death rituals. However, the VAO refrains from performing his cast-assigned job.",423,"https://m.media-amazon.com/images/M/MV5BYzgwZjRlOWQtM2VjOS00YTdmLWExM2ItNTBhNWEzOTg3YjE2XkEyXkFqcGdeQXVyMTUzNTgzNzM0._V1_QL75_UY207_CR4,0,140,207_.jpg",September
158. Red Sandal Wood,1h 34m,7.5,1.1K,An aspiring boxer hailing from North Madras travels to Renigunta looking for his Girlfriend's missing brother. He finds him and uncovers a scandal regarding Red Sandalwood smuggling.,"1,103","https://m.media-amazon.com/images/M/MV5BYzM4N2UyMTctODBlOC00M2U4LTk1ZDktZWQ2NDU2YjlhNWU2XkEyXkFqcGdeQXVyMTA4MzQ4NzMw._V1_QL75_UX140_CR0,1,140,207_.jpg",September
159. Noodles,,7.3,590,"Harish and Sheela as a couple, who get into a small tiff with the local inspector. When the fight gets out of hand, they are forced to deal with Madhan, who is enquiring Police officer in the case.",590,"https://m.media-amazon.com/images/M/MV5BYmY0OTEzMWEtNWJlMS00NTBhLWFjZGEtNmU3Y2EyNjZiMTE4XkEyXkFqcGdeQXVyMTQ3Mzk2MDg4._V1_QL75_UY207_CR8,0,140,207_.jpg",September
160. Angaaragan,2h 8m,6.1,150,About mysterious events that unfold in a forest resort during a twelve-hour investigation in a non-linear play. It highlights multiple hidden secrets of paranormal activities related to a late-Queen who was the first owner of this estate.,150,"https://m.media-amazon.com/images/M/MV5BODZiMDAyY2EtMGQyZi00Yjc2LTljMzItNjkxNjU2ZTM1OWY3XkEyXkFqcGdeQXVyMTA4MzQ4NzMw._V1_QL75_UX140_CR0,21,140,207_.jpg",September
161. Thudikkum Karangal,2h 20m,6.1,48,"Vetri, a YouTuber, discovers an old man fainting while searching for his son. He uses his channel to help this old man and ends up attracting antisocial people seeking revenge.",48,"https://m.media-amazon.com/images/M/MV5BYTM4YTIzZDMtYzE2YS00MGVlLTk5OTAtYWNhZGY0MGQ5YzYxXkEyXkFqcGdeQXVyMTU0ODI1NTA2._V1_QL75_UX140_CR0,21,140,207_.jpg",September
162. Chandramukhi 2,2h 52m,2.6,2.8K,"A wealthy family faces numerous problems and reunites with their long-lost relatives to pray to their deity for solutions, unaware it will reawaken the feud between a classical dancer, Chandramukhi and Vettaiyan Raja from centuries ago.","2,790","https://m.media-amazon.com/images/M/MV5BNjE1NDAwNGUtNDlkNi00ZDVlLTg2NDEtNmYyYjllODcyYWZjXkEyXkFqcGdeQXVyMTU0ODI1NTA2._V1_QL75_UX140_CR0,1,140,207_.jpg",September
163. Mark Antony,2h 30m,6.7,4K,"Two gangsters, Mark and Antony acquire a mobile phone that has the ability to time travel.","4,019","https://m.media-amazon.com/images/M/MV5BN2ZlZWZjOTAtN2ZhNC00M2JiLTk1NjEtYTczNTYwNDYxNTVlXkEyXkFqcGdeQXVyMTY1MzAyNjU4._V1_QL75_UX140_CR0,6,140,207_.jpg",September
164. En 6 Vaathiyaar Kaalpanthatta Kuzhu,2h 3m,8.5,134,Vathiyar raises his voice against the authorities to change the fate of a good person but ends up sacrificing his life for their future welfare.,134,"https://m.media-amazon.com/images/M/MV5BZmY1NjljODgtZGZmNC00NGQwLWFhN2YtOGNkNTk1OTU4MTNkXkEyXkFqcGdeQXVyMTA4MzQ4NzMw._V1_QL75_UX140_CR0,36,140,207_.jpg",September
165. Kaadhal Conditons Apply,,,,,,"https://m.media-amazon.com/images/M/MV5BNjFiYTNiNmMtODg2Yy00NTdiLTk1YWQtMDJkOGZhZjhjZDU3XkEyXkFqcGdeQXVyMTUzNTgzNzM0._V1_QL75_UY207_CR33,0,140,207_.jpg",September
166. Narkaram,,,,5 Mens abusing a disabled child and murdering her. One of the relative of the abused child was taking revenge on the culprits. The whole truth and what happened was comes to know through Police investigation.,,"https://m.media-amazon.com/images/M/MV5BZGQxOTQ1NDYtYjE2Ny00YTZlLWFkYzYtMTA4ZjlhMDdhZTRlXkEyXkFqcGdeQXVyMTA4MzQ4NzMw._V1_QL75_UX140_CR0,5,140,207_.jpg",September
167. Vinveli Devathai,,5.8,14,,14,"https://m.media-amazon.com/images/M/MV5BMzIxYTYyYTYtZWQ3Zi00NDMzLWFjNzQtNWY2MzE0ZTlkYThkXkEyXkFqcGdeQXVyMTQ3Mzk2MDg4._V1_QL75_UY207_CR33,0,140,207_.jpg",September
168. Are You Ok Baby?,1h 53m,8.2,1.2K,"A heart-wrenching tale of adoption unfolds, pitting adoptive parents against the biological mother. Media intervention escalates the issue to legal consequences and emotional turmoil, finally leading to a gripping courtroom climax.","1,249","https://m.media-amazon.com/images/M/MV5BM2I2MmY5MTYtZjEwYy00NmEwLWFmYWEtZDQyNzg3YTkzODAzXkEyXkFqcGdeQXVyMTUzNTgzNzM0._V1_QL75_UX140_CR0,0,140,207_.jpg",September
169. Demon,,9.1,120,"Haunted by Horrific Dreams, Vignesh Shivan is Surrounded by Thoughts of His Dreams and All the Mystrious Events That Happen in It.these Thoughts Affect Him Mentally.",120,"https://m.media-amazon.com/images/M/MV5BOGM4MzIyN2YtYjk0OS00ZWY1LThiMDQtN2RhMzYxZmIxNmY1XkEyXkFqcGdeQXVyMTA4MzQ4NzMw._V1_QL75_UX140_CR0,4,140,207_.jpg",September
170. Maal,,5.2,9,"A couple of unrelated people are forced to encounter each other and fight, because of a smuggled idol that is much in demand.",9,,September
171. Aima,,9.7,65,Adam and Mariyam has been kidnapped and kept in a haunted bungalow in the middle of the forest. How they are escaping from that house and finding the reason for their kidnap.,65,"https://m.media-amazon.com/images/M/MV5BODgzNTRhNGItOGViZi00NTU3LWE3YWYtOTdlYzhmMmUxNjI4XkEyXkFqcGdeQXVyMTA4MzQ4NzMw._V1_QL75_UX140_CR0,1,140,207_.jpg",September
172. Pithala Mathi,,,,,,,September
173. Kadathal,,9.6,20,"Murugan lives with his mother Sivagami. Murugan comes to Madurai to work for a friend named Pangali, his friends kill Madurai Muthu's younger brother but the blame for the murder falls on Murugan. What will he do now?",20,"https://m.media-amazon.com/images/M/MV5BYmRhMGUxYjQtODdiOS00OTU4LWI1ZTgtNWMwZjA4ZmRiYjYxXkEyXkFqcGdeQXVyMTA4MzQ4NzMw._V1_QL75_UX140_CR0,1,140,207_.jpg",September
174. Secret Hunt: The Quest of Jammer,1h 1m,8.6,18,A Secret Hunt to recover an army weapon from a suspicious gang.,18,"https://m.media-amazon.com/images/M/MV5BYWJkZmJhN2YtMTE2ZC00ZmFmLWE4OWYtNjU1YmVkM2Q5N2E2XkEyXkFqcGdeQXVyMTUxOTY3NDAz._V1_QL75_UY207_CR114,0,140,207_.jpg",September
175. Iraivan,2h 34m,4.6,1.7K,"A city lives in fear of a psychotic killer, and confidence in the police wanes. Arjun and Andrew finally arrest the killer, but he escapes and chaos reigns again.","1,653","https://m.media-amazon.com/images/M/MV5BNTBjMmFjYTQtNjcyZC00YjQxLTliYTAtZGM5MzFkMTcxMWM2XkEyXkFqcGdeQXVyMTY1MzAyNjU4._V1_QL75_UX140_CR0,1,140,207_.jpg",September
176. Chithha,2h 20m,8.6,846,"A man is raising his niece like his own daughter, and everything appears normal in their life until the little girl goes missing.",846,"https://m.media-amazon.com/images/M/MV5BMWZkMjE2OTktOGQ4Zi00OWQ1LTgwNjAtZTFjOGExYWQyMTU5XkEyXkFqcGdeQXVyMTQ3Mzk2MDg4._V1_QL75_UY207_CR4,0,140,207_.jpg",September
177. Parking,,,,,,"https://m.media-amazon.com/images/M/MV5BZWFhODA2ZDItZDBhNy00MGQ3LTkwZWItMzg0MzhlNmQzMzAxXkEyXkFqcGdeQXVyMTU0ODI1NTA2._V1_QL75_UY207_CR1,0,140,207_.jpg",September
178. Vaazhvu Thodangumidam Neethanae,,8.2,14,"What happens when 23 year old Zakira and 28 year old Vinodha, who live in two unrelated religious sects, meet and fall in love in an environment where they are attracted to each other? How society and its structure see them.",14,"https://m.media-amazon.com/images/M/MV5BZTFjZGFjNDYtZWM3YS00MWQwLWJmNGUtYmZlOWRmODYzMjE2XkEyXkFqcGdeQXVyMTU4OTU4ODQw._V1_QL75_UX140_CR0,1,140,207_.jpg",September
179. Uyir Thamizhukku,,,,,,"https://m.media-amazon.com/images/M/MV5BNDk3NzMwNzUtMDMxZi00MjMwLTg4N2ItZTZhYWJlNjRmNzAxXkEyXkFqcGdeQXVyMTUzNTgzNzM0._V1_QL75_UX140_CR0,5,140,207_.jpg",September
180. DIEmention,2h 5m,,,Suspended police officer Ravanan is thrown into a state of shock when he discovers that his sister and father have mysteriously vanished. The frantic search commences as Ravanan and the police department tries to track down the kidnapper.,,"https://m.media-amazon.com/images/M/MV5BNDZjOWNlZjItZWY2Ny00N2RjLTkyOGItZjJlNGYzNjI0OWVkXkEyXkFqcGdeQXVyMTcwOTI4MTQ3._V1_QL75_UY207_CR114,0,140,207_.jpg",September
181. Demonte Colony 2 (Vengeance of the Unholy),,,,,,"https://m.media-amazon.com/images/M/MV5BZTIxMDM2NGItYTE0Mi00ZDI3LWFiNTktMzRhYTdkY2IwMzUxXkEyXkFqcGdeQXVyMTUzNTgzNzM0._V1_QL75_UY207_CR4,0,140,207_.jpg",September
182. Rajakili,2h 2m,,,"A man who has enough wealth and possessions, that changes abruptly due to his karma.",,"https://m.media-amazon.com/images/M/MV5BNDRlOWFjOTItODIyMi00M2VjLTliZDctNWE2ZmI3OGVjNWYyXkEyXkFqcGdeQXVyMTUyNjIwMDEw._V1_QL75_UX140_CR0,5,140,207_.jpg",September
183. Irugapatru,2h 33m,8.3,1.5K,"Follows three couples, navigating inevitable challenges, and seeking self-discovery to salvage their relationships","1,455","https://m.media-amazon.com/images/M/MV5BZTBmNmM4ZTUtZTY4Ni00YzlhLWE0MDQtZGE0OWRlM2IwNzgyXkEyXkFqcGdeQXVyMTY0MDk0NjE3._V1_QL75_UY207_CR13,0,140,207_.jpg",October
184. Ratham,2h 22m,6.5,338,An aloof editor of publication who is forced to comback to his old workplace when a friend gets murdered by a crazy fan.,338,"https://m.media-amazon.com/images/M/MV5BZWM2OTVhNWItNTdlOS00MzlkLTgzN2ItNzYyN2NhMGViNGNhXkEyXkFqcGdeQXVyMTY0MDk0NjE3._V1_QL75_UX140_CR0,1,140,207_.jpg",October
185. The Road,2h 23m,5.3,253,"How a national highway becomes a primary conflict in the lives of Meera, a journalist, and Maya, a college professor, and makes their life upside down.",253,"https://m.media-amazon.com/images/M/MV5BODNlMTFhZDctYzY2MC00ZTNjLWI0ZTctNTlmN2JhZjBhNDFjXkEyXkFqcGdeQXVyMTY1MzAyNjU4._V1_QL75_UY207_CR10,0,140,207_.jpg",October
186. 800,2h 38m,9.1,3.3K,"The biopic promises to bring Muttiah Muralitharan's inspirational journey to a global audience, shedding light on the challenges and triumphs that defined his illustrious cricket career.","3,291","https://m.media-amazon.com/images/M/MV5BM2UwMjRmNDEtODkxMi00ODg3LTkxODQtZDJkYTNkMGQ5N2Y1XkEyXkFqcGdeQXVyMTU0ODI1NTA2._V1_QL75_UY207_CR2,0,140,207_.jpg",October
187. Shot Boot Three,1h 57m,8,583,Shot Boot Three (SB3) is the story of three kids and a dog. Their parents are busy with their respective professional lives. The kids spend time with each other (and the dog),583,"https://m.media-amazon.com/images/M/MV5BMzU0YmQ4ZDMtYTQ0NC00ZGNhLThjM2QtNWNlNmYwMWNjZDJkXkEyXkFqcGdeQXVyMTYzMDg5OTcw._V1_QL75_UX140_CR0,6,140,207_.jpg",October
188. Enaku Endey Kidaiyaathu,1h 44m,9.5,40,A cab driver pickups a business women thinking that this is going to be our last pick of the night but his greediness flips the night more longer than expected and getting trapped.,40,"https://m.media-amazon.com/images/M/MV5BMjk3MjYzNWQtNWQzYi00ZTU2LThkZDItZGM3NzJkOGE2OGQ0XkEyXkFqcGdeQXVyMTA4MzQ4NzMw._V1_QL75_UX140_CR0,3,140,207_.jpg",October
189. En Iniya Thanimaiye,,7.7,102,,102,"https://m.media-amazon.com/images/M/MV5BZmRmM2UwNjQtNmQ3Yy00MGZiLWE1YjktNDA3ZDI1ZTYzNzc1XkEyXkFqcGdeQXVyMTA4MzQ4NzMw._V1_QL75_UX140_CR0,6,140,207_.jpg",October
190. Thee - Ivan,,,,,,,October
191. Samara,1h 58m,8.4,256,"A police officer, going on a mission to a snowy region. Soon he found himself investigating a series of deaths.",256,"https://m.media-amazon.com/images/M/MV5BZTgzNTFjMjYtNmI2NC00Y2IyLWI2ODAtM2UzZGRhMDE3MDk2XkEyXkFqcGdeQXVyMTUzNTgzNzM0._V1_QL75_UY207_CR13,0,140,207_.jpg",October
192. Akku,,7.3,104,,104,"https://m.media-amazon.com/images/M/MV5BZjM3N2I3YzEtODRjNC00ZDJkLWJlMmEtZmYyYWExODhmM2I5XkEyXkFqcGdeQXVyMTA4MzQ4NzMw._V1_QL75_UY207_CR1,0,140,207_.jpg",October
193. Pudhu Vedham,,4.7,59,"A divorced lady and her son sing songs and beg to make money. Once, Raja asks to marry her on the condition that she leaves her son behind. the son, grows up as an orphan. What will happen when a girl he likes gets pregnant with child?",59,"https://m.media-amazon.com/images/M/MV5BMDc4ZjQzYzgtMjdjNi00MGZkLTk4NmItMjc1NGM4OTliNTQyXkEyXkFqcGdeQXVyMTA4MzQ4NzMw._V1_QL75_UX140_CR0,10,140,207_.jpg",October
194. Kadhai,1h 40m,9.6,27,"After seven years of futile attempts, an aspiring filmmaker is about to give up on his dream of making an independent feature film. A magical voice inspires him to try again, which leads to the creation of this film.",27,"https://m.media-amazon.com/images/M/MV5BNDFhOGEzZDctNGZlMy00M2M5LWFiOGItZWIxZjg4ZGQwZmY5XkEyXkFqcGdeQXVyNjgwNjc2NzY@._V1_QL75_UY207_CR8,0,140,207_.jpg",October
195. Leo,2h 44m,7.7,41K,"Parthiban is a mild-mannered cafe owner in Kashmir, who fends off a gang of murderous thugs and gains attention from a drug cartel claiming he was once a part of them.","41,494","https://m.media-amazon.com/images/M/MV5BMDk0ZmVmMTktOGNiNS00Yzg5LWIzZTAtNjUxZWZhZDljY2Y0XkEyXkFqcGdeQXVyMTY1MzAyNjU4._V1_QL75_UX140_CR0,1,140,207_.jpg",October
196. Thiraiyin Marupakkam,2h 12m,8.8,376,"A Tamil movie fan Sathyamoorthy, a farmer by profession, has been duped into selling his land and investing in a movie by a guy full of hot air, director Senthil. Lacking expertise in filmmaking, Sathyamoorthy is forced to pledge his house to Anbarasu, a cine financier. Senthil fails miserably in delivering the film. What happens to his family? How does he deal with Anbarasu? How does he bring his movie out? Thiraiyin Marupakkam is a perfect mix of black comedy and harsh reality.",376,"https://m.media-amazon.com/images/M/MV5BMzlhOGU1NWYtMTA4NC00ZWI1LTk2NzMtMTMyYWY2MTlkZTBkXkEyXkFqcGdeQXVyMTA4MzQ4NzMw._V1_QL75_UX140_CR0,1,140,207_.jpg",October
197. Naangal,4h 19m,,,"Naangal traces the journey of 3 siblings and their dog, finding joy and happiness in growing up alone, making peace with a tyrant of a father and an absent mother. Hope arrives in the form of their maternal grandparents, but will it be too good to be true?",,"https://m.media-amazon.com/images/M/MV5BZDc4ZDAxYjctMDhkZS00OTU0LTkwNzAtMjk0MmY0ZWY4ODgwXkEyXkFqcGdeQXVyMTY1ODc5NDk2._V1_QL75_UX140_CR0,13,140,207_.jpg",October
198. Margazhi Thingal,1h 52m,8.6,13,,13,"https://m.media-amazon.com/images/M/MV5BMTA5ODQxMTctN2I0Zi00MDAyLWJjZDUtMTkyYjMwNTkwZmEyXkEyXkFqcGdeQXVyMTQ3Mzk2MDg4._V1_QL75_UX140_CR0,6,140,207_.jpg",October
199. Agni Siragugal,,,,,,"https://m.media-amazon.com/images/M/MV5BMTk0NTU2MzMtYTZhZC00Zjc5LTgxNGUtOTkwMzlmNjQzZjI1XkEyXkFqcGdeQXVyOTk3NTc2MzE@._V1_QL75_UX140_CR0,1,140,207_.jpg",October
200. Nanban Oruvan Vandha Piragu,,,,,,"https://m.media-amazon.com/images/M/MV5BNWE2ZGQzZmQtZDlkZC00YzlkLThhNzAtM2YwODU1NThlNjU4XkEyXkFqcGdeQXVyMTI3Mjk0ODEw._V1_QL75_UX140_CR0,21,140,207_.jpg",November
201. Narakasura,2h 22m,8.6,1.1K,"In a realm of coffee and pepper, Shiva's vanishing act sparks a journey of secrets, love, and power. Amid the chaos, a hidden romance, and a transgender community's struggle, lead to a gripping climax of sacrifices and a cataclysmic clash.","1,104","https://m.media-amazon.com/images/M/MV5BODFjNGZjOTYtM2VlOC00YTBmLWI5YTMtOTM0MmQxZTc0MmIyXkEyXkFqcGdeQXVyOTc2MTgwNjY@._V1_QL75_UX140_CR0,2,140,207_.jpg",November
202. Ra Ra Sarasukku Ra Ra,1h 56m,8,72,The story tells the story of three women caught up in a random murder and their struggles to escape.,72,"https://m.media-amazon.com/images/M/MV5BNDY3MGFlZjAtZjIxMS00ODU3LWI2M2YtY2RhY2E0ZWYxOGMzXkEyXkFqcGdeQXVyMTA4MzQ4NzMw._V1_QL75_UX140_CR0,1,140,207_.jpg",November
203. Licence,1h 58m,9.5,267,A middle class House wife Asking A fir arms License to safety Precautions.,267,"https://m.media-amazon.com/images/M/MV5BYWZmNDM5MDgtMDFmYi00ODc2LTgyODgtYmM1OWU5ZTUzMjZjXkEyXkFqcGdeQXVyMTU0ODI1NTA2._V1_QL75_UY207_CR0,0,140,207_.jpg",November
204. Rule Number 4,,,,"In a race against time for survival, a daring ATM van driver must outsmart ruthless dacoits and corrupt officials to rescue his love, her father, and a pregnant stranger.",,"https://m.media-amazon.com/images/M/MV5BMzEyM2JjZmYtNzY1Yi00M2FiLWIyZmUtMGJmZTI4NmViNDVmXkEyXkFqcGdeQXVyMTA4MzQ4NzMw._V1_QL75_UY207_CR8,0,140,207_.jpg",November
205. Bottle Radha,2h 29m,,,"When his wife sends him to rehab for his alcohol addiction without consent, Radha's world shatters, fuelling his desperate escape plan. Loneliness and estrangement from his family follow as he returns to his old ways.",,,November
206. Jigarthanda Double X,2h 52m,8.5,2.1K,"In 1975, a filmmaker agrees to collaborate on a film with a gangster who wishes to become a famous actor.","2,136","https://m.media-amazon.com/images/M/MV5BMzA2ZTgxNzgtYjM3Ni00NTI1LWJiMjAtMWViNWUzNzIwYTgwXkEyXkFqcGdeQXVyMTMxODA4Njgx._V1_QL75_UX140_CR0,1,140,207_.jpg",November
207. Japan,2h 36m,3.4,1.2K,"A daring robbery in a jewellery showroom kickstarts the hunt for Japan, a notorious robber, who is a law unto himself.","1,166","https://m.media-amazon.com/images/M/MV5BZTlmODY5MWMtZDkyZi00YTU0LThiZWItZWFkYjJjYjFhZmEyXkEyXkFqcGdeQXVyMTA1OTMzNTQw._V1_QL75_UX140_CR0,1,140,207_.jpg",November
208. Raid,2h 5m,7.8,40,,40,"https://m.media-amazon.com/images/M/MV5BNTQ3MzA0NzAtYjhhNS00YmJlLTg2MDktNDkyODVhOGUwY2NiXkEyXkFqcGdeQXVyMTUyNjIwMDEw._V1_QL75_UY207_CR5,0,140,207_.jpg",November
209. Chaitra,,,,"Kathir's wife Chaitra is a mentally affected housewife, lived in a big house tries to commit suicide. One day some mysterious things happened and disappeared. Detective divya take the case and she find out the mysterious surrounded.",,"https://m.media-amazon.com/images/M/MV5BZDE2ZjY2NWYtOGU0MS00MWQ1LWFhNWEtNDk1NjQ5YTBmMjZhXkEyXkFqcGdeQXVyMTA4MzQ4NzMw._V1_QL75_UX140_CR0,19,140,207_.jpg",November
